{"global_step":2990080,"train/value_loss":0.0009489096,"_runtime":4331.758217,"train/explained_variance":0.9978202,"train/clip_fraction":0.35922852,"train/loss":0.0016796156,"train/clip_range":0.15,"rollout/ep_rew_mean":-12.245579,"rollout/ep_len_mean":532.89,"_timestamp":1.7369356956548424e+09,"time/fps":690,"train/approx_kl":0.021054853,"train/learning_rate":0.0001,"train/std":0.11928126,"_step":18969,"train/policy_gradient_loss":0.0047034225,"train/entropy_loss":2.1334448,"_wandb":{"runtime":4333}}