{"train/explained_variance":0.9955275,"train/clip_range":0.2,"global_step":5001216,"train/clip_fraction":0.26835936,"train/std":0.041235678,"train/policy_gradient_loss":0.0026752525,"_step":31736,"_timestamp":1.7364264648943985e+09,"time/fps":1008,"train/value_loss":0.0009225756,"train/loss":0.0012883119,"rollout/ep_len_mean":908.24,"_wandb":{"runtime":4959},"rollout/ep_rew_mean":-18.377758,"train/learning_rate":0.0003,"train/entropy_loss":5.3469276,"train/approx_kl":0.1499082,"_runtime":4959.6449638}