{"train/loss":0.013523337,"_runtime":4183.505396,"_timestamp":1.7368667802320404e+09,"train/learning_rate":0.0001,"rollout/ep_len_mean":458.17,"rollout/ep_rew_mean":-12.350089,"train/std":0.14694314,"train/explained_variance":0.98516303,"_wandb":{"runtime":4183},"train/approx_kl":0.014123486,"train/value_loss":0.00093630096,"global_step":2918400,"train/policy_gradient_loss":0.0077175135,"train/clip_range":0.15,"time/fps":698,"train/clip_fraction":0.26708984,"train/entropy_loss":1.5056533,"_step":18515}