{"train/clip_fraction":0.17495117,"_timestamp":1.7365214670457444e+09,"_wandb":{"runtime":10972},"train/policy_gradient_loss":0.007382146,"train/learning_rate":0.0003,"_runtime":10972.7867306,"train/value_loss":0.00066785543,"train/entropy_loss":5.178883,"rollout/ep_rew_mean":-14.274337,"train/std":0.043296967,"train/explained_variance":0.9867998,"global_step":5001216,"time/fps":455,"train/loss":-0.02340807,"rollout/ep_len_mean":819.23,"_step":31736,"train/clip_range":0.2,"train/approx_kl":0.014868051}