{"train/std":0.11924376,"train/value_loss":0.0015823031,"train/explained_variance":0.9964035,"_wandb":{"runtime":4410},"_runtime":4410.4935373,"rollout/ep_len_mean":461.87,"time/fps":664,"train/policy_gradient_loss":0.009869811,"train/loss":-0.013059001,"train/entropy_loss":2.127197,"train/approx_kl":0.016960146,"train/clip_fraction":0.30273438,"rollout/ep_rew_mean":-13.310189,"train/clip_range":0.15,"train/learning_rate":0.0001,"_step":18580,"global_step":2928640,"_timestamp":1.7368714629796968e+09}