{"rollout/ep_rew_mean":-5208.3506,"rollout/ep_len_mean":1001,"train/policy_gradient_loss":-0.0011593489,"train/value_loss":306.8317,"global_step":5001216,"_timestamp":1.7365337577458808e+09,"train/clip_range":0.2,"time/fps":532,"train/loss":102.27124,"train/approx_kl":0.008529222,"train/std":0.01986289,"train/explained_variance":0.96523386,"_wandb":{"runtime":9390},"_step":31735,"train/learning_rate":0.0003,"_runtime":9389.9399685,"train/entropy_loss":7.5754786,"train/clip_fraction":0.2022461}